image_name,gpt4o_zero_shot,gpt4o_few_shot,gpt4o_cot,gpt4o_cot_reasoning,gemini_zero_shot,gemini_few_shot,gemini_cot,gemini_cot_reasoning,timestamp
tomorrow_I_will_be_page_09.png,مفاجأة,ثقة,ترقب,"١. يبدو أن الطفل مستيقظ ومتحمس، حيث يرفع يديه في الهواء، مما يدل على الاستعداد أو النشاط. البيئة المحيطة تشير إلى بداية يوم جديد.

٢. الشعور الأساسي الظاهر هو ""ترقب"".",مفاجأة,مفاجأة,مفاجأة,"يرفع الطفل يديه لأعلى ووجهه متفاجئ. يبدو أنه مستيقظًا في سريره في الغابة.

مفاجأة",2025-05-11 03:14:23
who_defeated_the_evil_of_extravagance_page_7.png,سعادة,سعادة,سعادة,"١. تعابير الوجه ولغة الجسد في الصورة تظهر الابتسامات والضحك، مع حركات مرحة ونشطة، مما يدل على جو من الفرح والمرح.

٢. الشعور الأساسي الظاهر هو السعادة.",سعادة,سعادة,سعادة,"الأب والأم والأطفال يبتسمون ويرفعون أيديهم، ويبدو أنهم يرقصون. تعابير وجوههم تدل على الفرح والمرح.

سعادة",2025-05-11 03:15:28
tomorrow_I_will_be_page_43.png,سعادة,سعادة,سعادة,"١. تعابير الوجه ولغة الجسد تظهر ابتسامة وراحة، حيث تجلس الأم والطفلة معًا بارتياح، مما يدل على لحظة دافئة وممتعة. الكتاب المفتوح يشير إلى نشاط مشترك ومحبب.

٢. الشعور الأساسي الظاهر هو السعادة.",سعادة,سعادة,سعادة,"تظهر الأم والطفلة ابتسامات خفيفة، وتبدو عيونهما مفتوحة بشكل طبيعي.  وهما تجلسان معًا في وضع مريح، ويبدو أنهما تقرأان كتابًا.

سعادة",2025-05-11 03:16:32
sun_and_suns_page_7.png,مفاجأة,محايد,مفاجأة,"١. تعابير الوجه ولغة الجسد في الصورة توحي بالدهشة، حيث تظهر الشمس وكأنها تتحدث، مما يخلق عنصرًا غير متوقع.  
٢. الشعور الأساسي الظاهر هو مفاجأة.",سعادة,سعادة,سعادة,الفتاة تبدو مبتسمة وعيناها مفتوحتان على اتساعهما، مما يدل على شعور إيجابي. السياق العام للصورة مشرق وملون، مما يعزز هذا الشعور.,2025-05-11 03:17:39
open_tap_page_7.png,سعادة,ترقب,سعادة,"١. الشخص في الصورة يبدو مبتسمًا ويمد ذراعيه في الماء، مما يدل على الاستمتاع والراحة. العناصر السياقية مثل البط المطاطي والماء المتدفق تضيف إلى جو المرح.

٢. الشعور الأساسي الظاهر هو السعادة.",سعادة,سعادة,سعادة,الطفل يبتسم ويفتح ذراعيه، ويبدو مستمتعًا بالماء المتدفق من الصنبور. الماء يفيض من حوض الاستحمام، مما يشير إلى أن الصنبور مفتوح لفترة طويلة.,2025-05-11 03:18:42
kenan_and_watermelon_head_page_39.png,ثقة,ثقة,ثقة,"١. كنان يبدو واثقًا وهو يرفع رسمته بفخر، والمعلم يبدو متفاجئًا من اختياره لرسم المهرج.

٢. الشعور الأساسي الظاهر هو الثقة.",سعادة,ثقة,سعادة,يرفع الطفل رسمته بفخر، وابتسامة عريضة على وجهه. الرسمة لمهرج، وهو ما يفسره الطفل بأنه يمثل شخصيته المرحة.,2025-05-11 03:19:31
mess_in_the_kitchen_page_26.png,سعادة,سعادة,سعادة,"١. تعابير الوجه تظهر ابتسامة ولغة الجسد تشير إلى حركة واثقة، مع بيئة ملونة ومشرقة.

٢. الشعور الأساسي الظاهر هو سعادة.",سعادة,ثقة,سعادة,الفتاة تبتسم وتشير بإصبعها، وتضع يدها الأخرى على صدرها.  يبدو أنها تتحدث أو تشرح شيئًا ما.,2025-05-11 03:20:37
mama_the_storyteller_page_12.png,سعادة,سعادة,ترقب,"١. تعابير الوجه ولغة الجسد تظهر اهتمامًا واستكشافًا، مع وجود كتب وألوان زاهية تدل على حب المعرفة والبحث.

٢. الشعور الأساسي الظاهر هو ترقب.",سعادة,سعادة,مفاجأة,عيون الفتاة مفتوحة على اتساعها وفمها مفتوح قليلاً، مما يدل على الدهشة والاهتمام.  يبدو أنها منغمسة في عالم الكتب والقصص.,2025-05-11 03:21:50
